"Longitude (x)","Latitude (y)","Station Name","Climate ID","Date/Time (LST)","Year","Month","Day","Time (LST)","Temp (°C)","Temp Flag","Dew Point Temp (°C)","Dew Point Temp Flag","Rel Hum (%)","Rel Hum Flag","Precip. Amount (mm)","Precip. Amount Flag","Wind Dir (10s deg)","Wind Dir Flag","Wind Spd (km/h)","Wind Spd Flag","Visibility (km)","Visibility Flag","Stn Press (kPa)","Stn Press Flag","Hmdx","Hmdx Flag","Wind Chill","Wind Chill Flag","Weather"
"-119.38","49.96","KELOWNA","1123939","2009-08-01 00:00","2009","08","01","00:00"
"-119.38","49.96","KELOWNA","1123939","2009-08-01 01:00","2009","08","01","01:00"
"-119.38","49.96","KELOWNA","1123939","2009-08-01 02:00","2009","08","01","02:00"
"-119.38","49.96","KELOWNA","1123939","2009-08-01 03:00","2009","08","01","03:00"
"-119.38","49.96","KELOWNA","1123939","2009-08-01 04:00","2009","08","01","04:00"
"-119.38","49.96","KELOWNA","1123939","2009-08-01 05:00","2009","08","01","05:00"
"-119.38","49.96","KELOWNA","1123939","2009-08-01 06:00","2009","08","01","06:00"
"-119.38","49.96","KELOWNA","1123939","2009-08-01 07:00","2009","08","01","07:00"
"-119.38","49.96","KELOWNA","1123939","2009-08-01 08:00","2009","08","01","08:00"
"-119.38","49.96","KELOWNA","1123939","2009-08-01 09:00","2009","08","01","09:00"
"-119.38","49.96","KELOWNA","1123939","2009-08-01 10:00","2009","08","01","10:00"
"-119.38","49.96","KELOWNA","1123939","2009-08-01 11:00","2009","08","01","11:00"
"-119.38","49.96","KELOWNA","1123939","2009-08-01 12:00","2009","08","01","12:00"
"-119.38","49.96","KELOWNA","1123939","2009-08-01 13:00","2009","08","01","13:00"
"-119.38","49.96","KELOWNA","1123939","2009-08-01 14:00","2009","08","01","14:00"
"-119.38","49.96","KELOWNA","1123939","2009-08-01 15:00","2009","08","01","15:00"
"-119.38","49.96","KELOWNA","1123939","2009-08-01 16:00","2009","08","01","16:00"
"-119.38","49.96","KELOWNA","1123939","2009-08-01 17:00","2009","08","01","17:00"
"-119.38","49.96","KELOWNA","1123939","2009-08-01 18:00","2009","08","01","18:00"
"-119.38","49.96","KELOWNA","1123939","2009-08-01 19:00","2009","08","01","19:00"
"-119.38","49.96","KELOWNA","1123939","2009-08-01 20:00","2009","08","01","20:00"
"-119.38","49.96","KELOWNA","1123939","2009-08-01 21:00","2009","08","01","21:00"
"-119.38","49.96","KELOWNA","1123939","2009-08-01 22:00","2009","08","01","22:00"
"-119.38","49.96","KELOWNA","1123939","2009-08-01 23:00","2009","08","01","23:00"
"-119.38","49.96","KELOWNA","1123939","2009-08-02 00:00","2009","08","02","00:00"
"-119.38","49.96","KELOWNA","1123939","2009-08-02 01:00","2009","08","02","01:00"
"-119.38","49.96","KELOWNA","1123939","2009-08-02 02:00","2009","08","02","02:00"
"-119.38","49.96","KELOWNA","1123939","2009-08-02 03:00","2009","08","02","03:00"
"-119.38","49.96","KELOWNA","1123939","2009-08-02 04:00","2009","08","02","04:00"
"-119.38","49.96","KELOWNA","1123939","2009-08-02 05:00","2009","08","02","05:00"
"-119.38","49.96","KELOWNA","1123939","2009-08-02 06:00","2009","08","02","06:00"
"-119.38","49.96","KELOWNA","1123939","2009-08-02 07:00","2009","08","02","07:00"
"-119.38","49.96","KELOWNA","1123939","2009-08-02 08:00","2009","08","02","08:00"
"-119.38","49.96","KELOWNA","1123939","2009-08-02 09:00","2009","08","02","09:00"
"-119.38","49.96","KELOWNA","1123939","2009-08-02 10:00","2009","08","02","10:00"
"-119.38","49.96","KELOWNA","1123939","2009-08-02 11:00","2009","08","02","11:00"
"-119.38","49.96","KELOWNA","1123939","2009-08-02 12:00","2009","08","02","12:00"
"-119.38","49.96","KELOWNA","1123939","2009-08-02 13:00","2009","08","02","13:00"
"-119.38","49.96","KELOWNA","1123939","2009-08-02 14:00","2009","08","02","14:00"
"-119.38","49.96","KELOWNA","1123939","2009-08-02 15:00","2009","08","02","15:00"
"-119.38","49.96","KELOWNA","1123939","2009-08-02 16:00","2009","08","02","16:00"
"-119.38","49.96","KELOWNA","1123939","2009-08-02 17:00","2009","08","02","17:00"
"-119.38","49.96","KELOWNA","1123939","2009-08-02 18:00","2009","08","02","18:00"
"-119.38","49.96","KELOWNA","1123939","2009-08-02 19:00","2009","08","02","19:00"
"-119.38","49.96","KELOWNA","1123939","2009-08-02 20:00","2009","08","02","20:00"
"-119.38","49.96","KELOWNA","1123939","2009-08-02 21:00","2009","08","02","21:00"
"-119.38","49.96","KELOWNA","1123939","2009-08-02 22:00","2009","08","02","22:00"
"-119.38","49.96","KELOWNA","1123939","2009-08-02 23:00","2009","08","02","23:00"
"-119.38","49.96","KELOWNA","1123939","2009-08-03 00:00","2009","08","03","00:00"
"-119.38","49.96","KELOWNA","1123939","2009-08-03 01:00","2009","08","03","01:00"
"-119.38","49.96","KELOWNA","1123939","2009-08-03 02:00","2009","08","03","02:00"
"-119.38","49.96","KELOWNA","1123939","2009-08-03 03:00","2009","08","03","03:00"
"-119.38","49.96","KELOWNA","1123939","2009-08-03 04:00","2009","08","03","04:00"
"-119.38","49.96","KELOWNA","1123939","2009-08-03 05:00","2009","08","03","05:00"
"-119.38","49.96","KELOWNA","1123939","2009-08-03 06:00","2009","08","03","06:00"
"-119.38","49.96","KELOWNA","1123939","2009-08-03 07:00","2009","08","03","07:00"
"-119.38","49.96","KELOWNA","1123939","2009-08-03 08:00","2009","08","03","08:00"
"-119.38","49.96","KELOWNA","1123939","2009-08-03 09:00","2009","08","03","09:00"
"-119.38","49.96","KELOWNA","1123939","2009-08-03 10:00","2009","08","03","10:00"
"-119.38","49.96","KELOWNA","1123939","2009-08-03 11:00","2009","08","03","11:00"
"-119.38","49.96","KELOWNA","1123939","2009-08-03 12:00","2009","08","03","12:00"
"-119.38","49.96","KELOWNA","1123939","2009-08-03 13:00","2009","08","03","13:00"
"-119.38","49.96","KELOWNA","1123939","2009-08-03 14:00","2009","08","03","14:00"
"-119.38","49.96","KELOWNA","1123939","2009-08-03 15:00","2009","08","03","15:00"
"-119.38","49.96","KELOWNA","1123939","2009-08-03 16:00","2009","08","03","16:00"
"-119.38","49.96","KELOWNA","1123939","2009-08-03 17:00","2009","08","03","17:00"
"-119.38","49.96","KELOWNA","1123939","2009-08-03 18:00","2009","08","03","18:00"
"-119.38","49.96","KELOWNA","1123939","2009-08-03 19:00","2009","08","03","19:00"
"-119.38","49.96","KELOWNA","1123939","2009-08-03 20:00","2009","08","03","20:00"
"-119.38","49.96","KELOWNA","1123939","2009-08-03 21:00","2009","08","03","21:00"
"-119.38","49.96","KELOWNA","1123939","2009-08-03 22:00","2009","08","03","22:00"
"-119.38","49.96","KELOWNA","1123939","2009-08-03 23:00","2009","08","03","23:00"
"-119.38","49.96","KELOWNA","1123939","2009-08-04 00:00","2009","08","04","00:00"
"-119.38","49.96","KELOWNA","1123939","2009-08-04 01:00","2009","08","04","01:00"
"-119.38","49.96","KELOWNA","1123939","2009-08-04 02:00","2009","08","04","02:00"
"-119.38","49.96","KELOWNA","1123939","2009-08-04 03:00","2009","08","04","03:00"
"-119.38","49.96","KELOWNA","1123939","2009-08-04 04:00","2009","08","04","04:00"
"-119.38","49.96","KELOWNA","1123939","2009-08-04 05:00","2009","08","04","05:00"
"-119.38","49.96","KELOWNA","1123939","2009-08-04 06:00","2009","08","04","06:00"
"-119.38","49.96","KELOWNA","1123939","2009-08-04 07:00","2009","08","04","07:00"
"-119.38","49.96","KELOWNA","1123939","2009-08-04 08:00","2009","08","04","08:00"
"-119.38","49.96","KELOWNA","1123939","2009-08-04 09:00","2009","08","04","09:00"
"-119.38","49.96","KELOWNA","1123939","2009-08-04 10:00","2009","08","04","10:00"
"-119.38","49.96","KELOWNA","1123939","2009-08-04 11:00","2009","08","04","11:00"
"-119.38","49.96","KELOWNA","1123939","2009-08-04 12:00","2009","08","04","12:00"
"-119.38","49.96","KELOWNA","1123939","2009-08-04 13:00","2009","08","04","13:00"
"-119.38","49.96","KELOWNA","1123939","2009-08-04 14:00","2009","08","04","14:00"
"-119.38","49.96","KELOWNA","1123939","2009-08-04 15:00","2009","08","04","15:00"
"-119.38","49.96","KELOWNA","1123939","2009-08-04 16:00","2009","08","04","16:00"
"-119.38","49.96","KELOWNA","1123939","2009-08-04 17:00","2009","08","04","17:00"
"-119.38","49.96","KELOWNA","1123939","2009-08-04 18:00","2009","08","04","18:00"
"-119.38","49.96","KELOWNA","1123939","2009-08-04 19:00","2009","08","04","19:00"
"-119.38","49.96","KELOWNA","1123939","2009-08-04 20:00","2009","08","04","20:00"
"-119.38","49.96","KELOWNA","1123939","2009-08-04 21:00","2009","08","04","21:00"
"-119.38","49.96","KELOWNA","1123939","2009-08-04 22:00","2009","08","04","22:00"
"-119.38","49.96","KELOWNA","1123939","2009-08-04 23:00","2009","08","04","23:00"
"-119.38","49.96","KELOWNA","1123939","2009-08-05 00:00","2009","08","05","00:00"
"-119.38","49.96","KELOWNA","1123939","2009-08-05 01:00","2009","08","05","01:00"
"-119.38","49.96","KELOWNA","1123939","2009-08-05 02:00","2009","08","05","02:00"
"-119.38","49.96","KELOWNA","1123939","2009-08-05 03:00","2009","08","05","03:00"
"-119.38","49.96","KELOWNA","1123939","2009-08-05 04:00","2009","08","05","04:00"
"-119.38","49.96","KELOWNA","1123939","2009-08-05 05:00","2009","08","05","05:00"
"-119.38","49.96","KELOWNA","1123939","2009-08-05 06:00","2009","08","05","06:00"
"-119.38","49.96","KELOWNA","1123939","2009-08-05 07:00","2009","08","05","07:00"
"-119.38","49.96","KELOWNA","1123939","2009-08-05 08:00","2009","08","05","08:00"
"-119.38","49.96","KELOWNA","1123939","2009-08-05 09:00","2009","08","05","09:00"
"-119.38","49.96","KELOWNA","1123939","2009-08-05 10:00","2009","08","05","10:00"
"-119.38","49.96","KELOWNA","1123939","2009-08-05 11:00","2009","08","05","11:00"
"-119.38","49.96","KELOWNA","1123939","2009-08-05 12:00","2009","08","05","12:00"
"-119.38","49.96","KELOWNA","1123939","2009-08-05 13:00","2009","08","05","13:00"
"-119.38","49.96","KELOWNA","1123939","2009-08-05 14:00","2009","08","05","14:00"
"-119.38","49.96","KELOWNA","1123939","2009-08-05 15:00","2009","08","05","15:00"
"-119.38","49.96","KELOWNA","1123939","2009-08-05 16:00","2009","08","05","16:00"
"-119.38","49.96","KELOWNA","1123939","2009-08-05 17:00","2009","08","05","17:00"
"-119.38","49.96","KELOWNA","1123939","2009-08-05 18:00","2009","08","05","18:00"
"-119.38","49.96","KELOWNA","1123939","2009-08-05 19:00","2009","08","05","19:00"
"-119.38","49.96","KELOWNA","1123939","2009-08-05 20:00","2009","08","05","20:00"
"-119.38","49.96","KELOWNA","1123939","2009-08-05 21:00","2009","08","05","21:00"
"-119.38","49.96","KELOWNA","1123939","2009-08-05 22:00","2009","08","05","22:00"
"-119.38","49.96","KELOWNA","1123939","2009-08-05 23:00","2009","08","05","23:00"
"-119.38","49.96","KELOWNA","1123939","2009-08-06 00:00","2009","08","06","00:00"
"-119.38","49.96","KELOWNA","1123939","2009-08-06 01:00","2009","08","06","01:00"
"-119.38","49.96","KELOWNA","1123939","2009-08-06 02:00","2009","08","06","02:00"
"-119.38","49.96","KELOWNA","1123939","2009-08-06 03:00","2009","08","06","03:00"
"-119.38","49.96","KELOWNA","1123939","2009-08-06 04:00","2009","08","06","04:00"
"-119.38","49.96","KELOWNA","1123939","2009-08-06 05:00","2009","08","06","05:00"
"-119.38","49.96","KELOWNA","1123939","2009-08-06 06:00","2009","08","06","06:00"
"-119.38","49.96","KELOWNA","1123939","2009-08-06 07:00","2009","08","06","07:00"
"-119.38","49.96","KELOWNA","1123939","2009-08-06 08:00","2009","08","06","08:00"
"-119.38","49.96","KELOWNA","1123939","2009-08-06 09:00","2009","08","06","09:00"
"-119.38","49.96","KELOWNA","1123939","2009-08-06 10:00","2009","08","06","10:00"
"-119.38","49.96","KELOWNA","1123939","2009-08-06 11:00","2009","08","06","11:00"
"-119.38","49.96","KELOWNA","1123939","2009-08-06 12:00","2009","08","06","12:00"
"-119.38","49.96","KELOWNA","1123939","2009-08-06 13:00","2009","08","06","13:00"
"-119.38","49.96","KELOWNA","1123939","2009-08-06 14:00","2009","08","06","14:00"
"-119.38","49.96","KELOWNA","1123939","2009-08-06 15:00","2009","08","06","15:00"
"-119.38","49.96","KELOWNA","1123939","2009-08-06 16:00","2009","08","06","16:00"
"-119.38","49.96","KELOWNA","1123939","2009-08-06 17:00","2009","08","06","17:00"
"-119.38","49.96","KELOWNA","1123939","2009-08-06 18:00","2009","08","06","18:00"
"-119.38","49.96","KELOWNA","1123939","2009-08-06 19:00","2009","08","06","19:00"
"-119.38","49.96","KELOWNA","1123939","2009-08-06 20:00","2009","08","06","20:00"
"-119.38","49.96","KELOWNA","1123939","2009-08-06 21:00","2009","08","06","21:00"
"-119.38","49.96","KELOWNA","1123939","2009-08-06 22:00","2009","08","06","22:00"
"-119.38","49.96","KELOWNA","1123939","2009-08-06 23:00","2009","08","06","23:00"
"-119.38","49.96","KELOWNA","1123939","2009-08-07 00:00","2009","08","07","00:00"
"-119.38","49.96","KELOWNA","1123939","2009-08-07 01:00","2009","08","07","01:00"
"-119.38","49.96","KELOWNA","1123939","2009-08-07 02:00","2009","08","07","02:00"
"-119.38","49.96","KELOWNA","1123939","2009-08-07 03:00","2009","08","07","03:00"
"-119.38","49.96","KELOWNA","1123939","2009-08-07 04:00","2009","08","07","04:00"
"-119.38","49.96","KELOWNA","1123939","2009-08-07 05:00","2009","08","07","05:00"
"-119.38","49.96","KELOWNA","1123939","2009-08-07 06:00","2009","08","07","06:00"
"-119.38","49.96","KELOWNA","1123939","2009-08-07 07:00","2009","08","07","07:00"
"-119.38","49.96","KELOWNA","1123939","2009-08-07 08:00","2009","08","07","08:00"
"-119.38","49.96","KELOWNA","1123939","2009-08-07 09:00","2009","08","07","09:00"
"-119.38","49.96","KELOWNA","1123939","2009-08-07 10:00","2009","08","07","10:00"
"-119.38","49.96","KELOWNA","1123939","2009-08-07 11:00","2009","08","07","11:00"
"-119.38","49.96","KELOWNA","1123939","2009-08-07 12:00","2009","08","07","12:00"
"-119.38","49.96","KELOWNA","1123939","2009-08-07 13:00","2009","08","07","13:00"
"-119.38","49.96","KELOWNA","1123939","2009-08-07 14:00","2009","08","07","14:00"
"-119.38","49.96","KELOWNA","1123939","2009-08-07 15:00","2009","08","07","15:00"
"-119.38","49.96","KELOWNA","1123939","2009-08-07 16:00","2009","08","07","16:00"
"-119.38","49.96","KELOWNA","1123939","2009-08-07 17:00","2009","08","07","17:00"
"-119.38","49.96","KELOWNA","1123939","2009-08-07 18:00","2009","08","07","18:00"
"-119.38","49.96","KELOWNA","1123939","2009-08-07 19:00","2009","08","07","19:00"
"-119.38","49.96","KELOWNA","1123939","2009-08-07 20:00","2009","08","07","20:00"
"-119.38","49.96","KELOWNA","1123939","2009-08-07 21:00","2009","08","07","21:00"
"-119.38","49.96","KELOWNA","1123939","2009-08-07 22:00","2009","08","07","22:00"
"-119.38","49.96","KELOWNA","1123939","2009-08-07 23:00","2009","08","07","23:00"
"-119.38","49.96","KELOWNA","1123939","2009-08-08 00:00","2009","08","08","00:00"
"-119.38","49.96","KELOWNA","1123939","2009-08-08 01:00","2009","08","08","01:00"
"-119.38","49.96","KELOWNA","1123939","2009-08-08 02:00","2009","08","08","02:00"
"-119.38","49.96","KELOWNA","1123939","2009-08-08 03:00","2009","08","08","03:00"
"-119.38","49.96","KELOWNA","1123939","2009-08-08 04:00","2009","08","08","04:00"
"-119.38","49.96","KELOWNA","1123939","2009-08-08 05:00","2009","08","08","05:00"
"-119.38","49.96","KELOWNA","1123939","2009-08-08 06:00","2009","08","08","06:00"
"-119.38","49.96","KELOWNA","1123939","2009-08-08 07:00","2009","08","08","07:00"
"-119.38","49.96","KELOWNA","1123939","2009-08-08 08:00","2009","08","08","08:00"
"-119.38","49.96","KELOWNA","1123939","2009-08-08 09:00","2009","08","08","09:00"
"-119.38","49.96","KELOWNA","1123939","2009-08-08 10:00","2009","08","08","10:00"
"-119.38","49.96","KELOWNA","1123939","2009-08-08 11:00","2009","08","08","11:00"
"-119.38","49.96","KELOWNA","1123939","2009-08-08 12:00","2009","08","08","12:00"
"-119.38","49.96","KELOWNA","1123939","2009-08-08 13:00","2009","08","08","13:00"
"-119.38","49.96","KELOWNA","1123939","2009-08-08 14:00","2009","08","08","14:00"
"-119.38","49.96","KELOWNA","1123939","2009-08-08 15:00","2009","08","08","15:00"
"-119.38","49.96","KELOWNA","1123939","2009-08-08 16:00","2009","08","08","16:00"
"-119.38","49.96","KELOWNA","1123939","2009-08-08 17:00","2009","08","08","17:00"
"-119.38","49.96","KELOWNA","1123939","2009-08-08 18:00","2009","08","08","18:00"
"-119.38","49.96","KELOWNA","1123939","2009-08-08 19:00","2009","08","08","19:00"
"-119.38","49.96","KELOWNA","1123939","2009-08-08 20:00","2009","08","08","20:00"
"-119.38","49.96","KELOWNA","1123939","2009-08-08 21:00","2009","08","08","21:00"
"-119.38","49.96","KELOWNA","1123939","2009-08-08 22:00","2009","08","08","22:00"
"-119.38","49.96","KELOWNA","1123939","2009-08-08 23:00","2009","08","08","23:00"
"-119.38","49.96","KELOWNA","1123939","2009-08-09 00:00","2009","08","09","00:00"
"-119.38","49.96","KELOWNA","1123939","2009-08-09 01:00","2009","08","09","01:00"
"-119.38","49.96","KELOWNA","1123939","2009-08-09 02:00","2009","08","09","02:00"
"-119.38","49.96","KELOWNA","1123939","2009-08-09 03:00","2009","08","09","03:00"
"-119.38","49.96","KELOWNA","1123939","2009-08-09 04:00","2009","08","09","04:00"
"-119.38","49.96","KELOWNA","1123939","2009-08-09 05:00","2009","08","09","05:00"
"-119.38","49.96","KELOWNA","1123939","2009-08-09 06:00","2009","08","09","06:00"
"-119.38","49.96","KELOWNA","1123939","2009-08-09 07:00","2009","08","09","07:00"
"-119.38","49.96","KELOWNA","1123939","2009-08-09 08:00","2009","08","09","08:00"
"-119.38","49.96","KELOWNA","1123939","2009-08-09 09:00","2009","08","09","09:00"
"-119.38","49.96","KELOWNA","1123939","2009-08-09 10:00","2009","08","09","10:00"
"-119.38","49.96","KELOWNA","1123939","2009-08-09 11:00","2009","08","09","11:00"
"-119.38","49.96","KELOWNA","1123939","2009-08-09 12:00","2009","08","09","12:00"
"-119.38","49.96","KELOWNA","1123939","2009-08-09 13:00","2009","08","09","13:00"
"-119.38","49.96","KELOWNA","1123939","2009-08-09 14:00","2009","08","09","14:00"
"-119.38","49.96","KELOWNA","1123939","2009-08-09 15:00","2009","08","09","15:00"
"-119.38","49.96","KELOWNA","1123939","2009-08-09 16:00","2009","08","09","16:00"
"-119.38","49.96","KELOWNA","1123939","2009-08-09 17:00","2009","08","09","17:00"
"-119.38","49.96","KELOWNA","1123939","2009-08-09 18:00","2009","08","09","18:00"
"-119.38","49.96","KELOWNA","1123939","2009-08-09 19:00","2009","08","09","19:00"
"-119.38","49.96","KELOWNA","1123939","2009-08-09 20:00","2009","08","09","20:00"
"-119.38","49.96","KELOWNA","1123939","2009-08-09 21:00","2009","08","09","21:00"
"-119.38","49.96","KELOWNA","1123939","2009-08-09 22:00","2009","08","09","22:00"
"-119.38","49.96","KELOWNA","1123939","2009-08-09 23:00","2009","08","09","23:00"
"-119.38","49.96","KELOWNA","1123939","2009-08-10 00:00","2009","08","10","00:00"
"-119.38","49.96","KELOWNA","1123939","2009-08-10 01:00","2009","08","10","01:00"
"-119.38","49.96","KELOWNA","1123939","2009-08-10 02:00","2009","08","10","02:00"
"-119.38","49.96","KELOWNA","1123939","2009-08-10 03:00","2009","08","10","03:00"
"-119.38","49.96","KELOWNA","1123939","2009-08-10 04:00","2009","08","10","04:00"
"-119.38","49.96","KELOWNA","1123939","2009-08-10 05:00","2009","08","10","05:00"
"-119.38","49.96","KELOWNA","1123939","2009-08-10 06:00","2009","08","10","06:00"
"-119.38","49.96","KELOWNA","1123939","2009-08-10 07:00","2009","08","10","07:00"
"-119.38","49.96","KELOWNA","1123939","2009-08-10 08:00","2009","08","10","08:00"
"-119.38","49.96","KELOWNA","1123939","2009-08-10 09:00","2009","08","10","09:00"
"-119.38","49.96","KELOWNA","1123939","2009-08-10 10:00","2009","08","10","10:00"
"-119.38","49.96","KELOWNA","1123939","2009-08-10 11:00","2009","08","10","11:00"
"-119.38","49.96","KELOWNA","1123939","2009-08-10 12:00","2009","08","10","12:00"
"-119.38","49.96","KELOWNA","1123939","2009-08-10 13:00","2009","08","10","13:00"
"-119.38","49.96","KELOWNA","1123939","2009-08-10 14:00","2009","08","10","14:00"
"-119.38","49.96","KELOWNA","1123939","2009-08-10 15:00","2009","08","10","15:00"
"-119.38","49.96","KELOWNA","1123939","2009-08-10 16:00","2009","08","10","16:00"
"-119.38","49.96","KELOWNA","1123939","2009-08-10 17:00","2009","08","10","17:00"
"-119.38","49.96","KELOWNA","1123939","2009-08-10 18:00","2009","08","10","18:00"
"-119.38","49.96","KELOWNA","1123939","2009-08-10 19:00","2009","08","10","19:00"
"-119.38","49.96","KELOWNA","1123939","2009-08-10 20:00","2009","08","10","20:00"
"-119.38","49.96","KELOWNA","1123939","2009-08-10 21:00","2009","08","10","21:00"
"-119.38","49.96","KELOWNA","1123939","2009-08-10 22:00","2009","08","10","22:00"
"-119.38","49.96","KELOWNA","1123939","2009-08-10 23:00","2009","08","10","23:00"
"-119.38","49.96","KELOWNA","1123939","2009-08-11 00:00","2009","08","11","00:00"
"-119.38","49.96","KELOWNA","1123939","2009-08-11 01:00","2009","08","11","01:00"
"-119.38","49.96","KELOWNA","1123939","2009-08-11 02:00","2009","08","11","02:00"
"-119.38","49.96","KELOWNA","1123939","2009-08-11 03:00","2009","08","11","03:00"
"-119.38","49.96","KELOWNA","1123939","2009-08-11 04:00","2009","08","11","04:00"
"-119.38","49.96","KELOWNA","1123939","2009-08-11 05:00","2009","08","11","05:00"
"-119.38","49.96","KELOWNA","1123939","2009-08-11 06:00","2009","08","11","06:00"
"-119.38","49.96","KELOWNA","1123939","2009-08-11 07:00","2009","08","11","07:00"
"-119.38","49.96","KELOWNA","1123939","2009-08-11 08:00","2009","08","11","08:00"
"-119.38","49.96","KELOWNA","1123939","2009-08-11 09:00","2009","08","11","09:00"
"-119.38","49.96","KELOWNA","1123939","2009-08-11 10:00","2009","08","11","10:00"
"-119.38","49.96","KELOWNA","1123939","2009-08-11 11:00","2009","08","11","11:00"
"-119.38","49.96","KELOWNA","1123939","2009-08-11 12:00","2009","08","11","12:00"
"-119.38","49.96","KELOWNA","1123939","2009-08-11 13:00","2009","08","11","13:00"
"-119.38","49.96","KELOWNA","1123939","2009-08-11 14:00","2009","08","11","14:00"
"-119.38","49.96","KELOWNA","1123939","2009-08-11 15:00","2009","08","11","15:00"
"-119.38","49.96","KELOWNA","1123939","2009-08-11 16:00","2009","08","11","16:00"
"-119.38","49.96","KELOWNA","1123939","2009-08-11 17:00","2009","08","11","17:00"
"-119.38","49.96","KELOWNA","1123939","2009-08-11 18:00","2009","08","11","18:00"
"-119.38","49.96","KELOWNA","1123939","2009-08-11 19:00","2009","08","11","19:00"
"-119.38","49.96","KELOWNA","1123939","2009-08-11 20:00","2009","08","11","20:00"
"-119.38","49.96","KELOWNA","1123939","2009-08-11 21:00","2009","08","11","21:00"
"-119.38","49.96","KELOWNA","1123939","2009-08-11 22:00","2009","08","11","22:00"
"-119.38","49.96","KELOWNA","1123939","2009-08-11 23:00","2009","08","11","23:00"
"-119.38","49.96","KELOWNA","1123939","2009-08-12 00:00","2009","08","12","00:00"
"-119.38","49.96","KELOWNA","1123939","2009-08-12 01:00","2009","08","12","01:00"
"-119.38","49.96","KELOWNA","1123939","2009-08-12 02:00","2009","08","12","02:00"
"-119.38","49.96","KELOWNA","1123939","2009-08-12 03:00","2009","08","12","03:00"
"-119.38","49.96","KELOWNA","1123939","2009-08-12 04:00","2009","08","12","04:00"
"-119.38","49.96","KELOWNA","1123939","2009-08-12 05:00","2009","08","12","05:00"
"-119.38","49.96","KELOWNA","1123939","2009-08-12 06:00","2009","08","12","06:00"
"-119.38","49.96","KELOWNA","1123939","2009-08-12 07:00","2009","08","12","07:00"
"-119.38","49.96","KELOWNA","1123939","2009-08-12 08:00","2009","08","12","08:00"
"-119.38","49.96","KELOWNA","1123939","2009-08-12 09:00","2009","08","12","09:00"
"-119.38","49.96","KELOWNA","1123939","2009-08-12 10:00","2009","08","12","10:00"
"-119.38","49.96","KELOWNA","1123939","2009-08-12 11:00","2009","08","12","11:00"
"-119.38","49.96","KELOWNA","1123939","2009-08-12 12:00","2009","08","12","12:00"
"-119.38","49.96","KELOWNA","1123939","2009-08-12 13:00","2009","08","12","13:00"
"-119.38","49.96","KELOWNA","1123939","2009-08-12 14:00","2009","08","12","14:00"
"-119.38","49.96","KELOWNA","1123939","2009-08-12 15:00","2009","08","12","15:00"
"-119.38","49.96","KELOWNA","1123939","2009-08-12 16:00","2009","08","12","16:00"
"-119.38","49.96","KELOWNA","1123939","2009-08-12 17:00","2009","08","12","17:00"
"-119.38","49.96","KELOWNA","1123939","2009-08-12 18:00","2009","08","12","18:00"
"-119.38","49.96","KELOWNA","1123939","2009-08-12 19:00","2009","08","12","19:00"
"-119.38","49.96","KELOWNA","1123939","2009-08-12 20:00","2009","08","12","20:00"
"-119.38","49.96","KELOWNA","1123939","2009-08-12 21:00","2009","08","12","21:00"
"-119.38","49.96","KELOWNA","1123939","2009-08-12 22:00","2009","08","12","22:00"
"-119.38","49.96","KELOWNA","1123939","2009-08-12 23:00","2009","08","12","23:00"
"-119.38","49.96","KELOWNA","1123939","2009-08-13 00:00","2009","08","13","00:00"
"-119.38","49.96","KELOWNA","1123939","2009-08-13 01:00","2009","08","13","01:00"
"-119.38","49.96","KELOWNA","1123939","2009-08-13 02:00","2009","08","13","02:00"
"-119.38","49.96","KELOWNA","1123939","2009-08-13 03:00","2009","08","13","03:00"
"-119.38","49.96","KELOWNA","1123939","2009-08-13 04:00","2009","08","13","04:00"
"-119.38","49.96","KELOWNA","1123939","2009-08-13 05:00","2009","08","13","05:00"
"-119.38","49.96","KELOWNA","1123939","2009-08-13 06:00","2009","08","13","06:00"
"-119.38","49.96","KELOWNA","1123939","2009-08-13 07:00","2009","08","13","07:00"
"-119.38","49.96","KELOWNA","1123939","2009-08-13 08:00","2009","08","13","08:00"
"-119.38","49.96","KELOWNA","1123939","2009-08-13 09:00","2009","08","13","09:00"
"-119.38","49.96","KELOWNA","1123939","2009-08-13 10:00","2009","08","13","10:00"
"-119.38","49.96","KELOWNA","1123939","2009-08-13 11:00","2009","08","13","11:00"
"-119.38","49.96","KELOWNA","1123939","2009-08-13 12:00","2009","08","13","12:00"
"-119.38","49.96","KELOWNA","1123939","2009-08-13 13:00","2009","08","13","13:00"
"-119.38","49.96","KELOWNA","1123939","2009-08-13 14:00","2009","08","13","14:00"
"-119.38","49.96","KELOWNA","1123939","2009-08-13 15:00","2009","08","13","15:00"
"-119.38","49.96","KELOWNA","1123939","2009-08-13 16:00","2009","08","13","16:00"
"-119.38","49.96","KELOWNA","1123939","2009-08-13 17:00","2009","08","13","17:00"
"-119.38","49.96","KELOWNA","1123939","2009-08-13 18:00","2009","08","13","18:00"
"-119.38","49.96","KELOWNA","1123939","2009-08-13 19:00","2009","08","13","19:00"
"-119.38","49.96","KELOWNA","1123939","2009-08-13 20:00","2009","08","13","20:00"
"-119.38","49.96","KELOWNA","1123939","2009-08-13 21:00","2009","08","13","21:00"
"-119.38","49.96","KELOWNA","1123939","2009-08-13 22:00","2009","08","13","22:00"
"-119.38","49.96","KELOWNA","1123939","2009-08-13 23:00","2009","08","13","23:00"
"-119.38","49.96","KELOWNA","1123939","2009-08-14 00:00","2009","08","14","00:00"
"-119.38","49.96","KELOWNA","1123939","2009-08-14 01:00","2009","08","14","01:00"
"-119.38","49.96","KELOWNA","1123939","2009-08-14 02:00","2009","08","14","02:00"
"-119.38","49.96","KELOWNA","1123939","2009-08-14 03:00","2009","08","14","03:00"
"-119.38","49.96","KELOWNA","1123939","2009-08-14 04:00","2009","08","14","04:00"
"-119.38","49.96","KELOWNA","1123939","2009-08-14 05:00","2009","08","14","05:00"
"-119.38","49.96","KELOWNA","1123939","2009-08-14 06:00","2009","08","14","06:00"
"-119.38","49.96","KELOWNA","1123939","2009-08-14 07:00","2009","08","14","07:00"
"-119.38","49.96","KELOWNA","1123939","2009-08-14 08:00","2009","08","14","08:00"
"-119.38","49.96","KELOWNA","1123939","2009-08-14 09:00","2009","08","14","09:00"
"-119.38","49.96","KELOWNA","1123939","2009-08-14 10:00","2009","08","14","10:00"
"-119.38","49.96","KELOWNA","1123939","2009-08-14 11:00","2009","08","14","11:00"
"-119.38","49.96","KELOWNA","1123939","2009-08-14 12:00","2009","08","14","12:00"
"-119.38","49.96","KELOWNA","1123939","2009-08-14 13:00","2009","08","14","13:00"
"-119.38","49.96","KELOWNA","1123939","2009-08-14 14:00","2009","08","14","14:00"
"-119.38","49.96","KELOWNA","1123939","2009-08-14 15:00","2009","08","14","15:00"
"-119.38","49.96","KELOWNA","1123939","2009-08-14 16:00","2009","08","14","16:00"
"-119.38","49.96","KELOWNA","1123939","2009-08-14 17:00","2009","08","14","17:00"
"-119.38","49.96","KELOWNA","1123939","2009-08-14 18:00","2009","08","14","18:00"
"-119.38","49.96","KELOWNA","1123939","2009-08-14 19:00","2009","08","14","19:00"
"-119.38","49.96","KELOWNA","1123939","2009-08-14 20:00","2009","08","14","20:00"
"-119.38","49.96","KELOWNA","1123939","2009-08-14 21:00","2009","08","14","21:00"
"-119.38","49.96","KELOWNA","1123939","2009-08-14 22:00","2009","08","14","22:00"
"-119.38","49.96","KELOWNA","1123939","2009-08-14 23:00","2009","08","14","23:00"
"-119.38","49.96","KELOWNA","1123939","2009-08-15 00:00","2009","08","15","00:00"
"-119.38","49.96","KELOWNA","1123939","2009-08-15 01:00","2009","08","15","01:00"
"-119.38","49.96","KELOWNA","1123939","2009-08-15 02:00","2009","08","15","02:00"
"-119.38","49.96","KELOWNA","1123939","2009-08-15 03:00","2009","08","15","03:00"
"-119.38","49.96","KELOWNA","1123939","2009-08-15 04:00","2009","08","15","04:00"
"-119.38","49.96","KELOWNA","1123939","2009-08-15 05:00","2009","08","15","05:00"
"-119.38","49.96","KELOWNA","1123939","2009-08-15 06:00","2009","08","15","06:00"
"-119.38","49.96","KELOWNA","1123939","2009-08-15 07:00","2009","08","15","07:00"
"-119.38","49.96","KELOWNA","1123939","2009-08-15 08:00","2009","08","15","08:00"
"-119.38","49.96","KELOWNA","1123939","2009-08-15 09:00","2009","08","15","09:00"
"-119.38","49.96","KELOWNA","1123939","2009-08-15 10:00","2009","08","15","10:00"
"-119.38","49.96","KELOWNA","1123939","2009-08-15 11:00","2009","08","15","11:00"
"-119.38","49.96","KELOWNA","1123939","2009-08-15 12:00","2009","08","15","12:00"
"-119.38","49.96","KELOWNA","1123939","2009-08-15 13:00","2009","08","15","13:00"
"-119.38","49.96","KELOWNA","1123939","2009-08-15 14:00","2009","08","15","14:00"
"-119.38","49.96","KELOWNA","1123939","2009-08-15 15:00","2009","08","15","15:00"
"-119.38","49.96","KELOWNA","1123939","2009-08-15 16:00","2009","08","15","16:00"
"-119.38","49.96","KELOWNA","1123939","2009-08-15 17:00","2009","08","15","17:00"
"-119.38","49.96","KELOWNA","1123939","2009-08-15 18:00","2009","08","15","18:00"
"-119.38","49.96","KELOWNA","1123939","2009-08-15 19:00","2009","08","15","19:00"
"-119.38","49.96","KELOWNA","1123939","2009-08-15 20:00","2009","08","15","20:00"
"-119.38","49.96","KELOWNA","1123939","2009-08-15 21:00","2009","08","15","21:00"
"-119.38","49.96","KELOWNA","1123939","2009-08-15 22:00","2009","08","15","22:00"
"-119.38","49.96","KELOWNA","1123939","2009-08-15 23:00","2009","08","15","23:00"
"-119.38","49.96","KELOWNA","1123939","2009-08-16 00:00","2009","08","16","00:00"
"-119.38","49.96","KELOWNA","1123939","2009-08-16 01:00","2009","08","16","01:00"
"-119.38","49.96","KELOWNA","1123939","2009-08-16 02:00","2009","08","16","02:00"
"-119.38","49.96","KELOWNA","1123939","2009-08-16 03:00","2009","08","16","03:00"
"-119.38","49.96","KELOWNA","1123939","2009-08-16 04:00","2009","08","16","04:00"
"-119.38","49.96","KELOWNA","1123939","2009-08-16 05:00","2009","08","16","05:00"
"-119.38","49.96","KELOWNA","1123939","2009-08-16 06:00","2009","08","16","06:00"
"-119.38","49.96","KELOWNA","1123939","2009-08-16 07:00","2009","08","16","07:00"
"-119.38","49.96","KELOWNA","1123939","2009-08-16 08:00","2009","08","16","08:00"
"-119.38","49.96","KELOWNA","1123939","2009-08-16 09:00","2009","08","16","09:00"
"-119.38","49.96","KELOWNA","1123939","2009-08-16 10:00","2009","08","16","10:00"
"-119.38","49.96","KELOWNA","1123939","2009-08-16 11:00","2009","08","16","11:00"
"-119.38","49.96","KELOWNA","1123939","2009-08-16 12:00","2009","08","16","12:00"
"-119.38","49.96","KELOWNA","1123939","2009-08-16 13:00","2009","08","16","13:00"
"-119.38","49.96","KELOWNA","1123939","2009-08-16 14:00","2009","08","16","14:00"
"-119.38","49.96","KELOWNA","1123939","2009-08-16 15:00","2009","08","16","15:00"
"-119.38","49.96","KELOWNA","1123939","2009-08-16 16:00","2009","08","16","16:00"
"-119.38","49.96","KELOWNA","1123939","2009-08-16 17:00","2009","08","16","17:00"
"-119.38","49.96","KELOWNA","1123939","2009-08-16 18:00","2009","08","16","18:00"
"-119.38","49.96","KELOWNA","1123939","2009-08-16 19:00","2009","08","16","19:00"
"-119.38","49.96","KELOWNA","1123939","2009-08-16 20:00","2009","08","16","20:00"
"-119.38","49.96","KELOWNA","1123939","2009-08-16 21:00","2009","08","16","21:00"
"-119.38","49.96","KELOWNA","1123939","2009-08-16 22:00","2009","08","16","22:00"
"-119.38","49.96","KELOWNA","1123939","2009-08-16 23:00","2009","08","16","23:00"
"-119.38","49.96","KELOWNA","1123939","2009-08-17 00:00","2009","08","17","00:00"
"-119.38","49.96","KELOWNA","1123939","2009-08-17 01:00","2009","08","17","01:00"
"-119.38","49.96","KELOWNA","1123939","2009-08-17 02:00","2009","08","17","02:00"
"-119.38","49.96","KELOWNA","1123939","2009-08-17 03:00","2009","08","17","03:00"
"-119.38","49.96","KELOWNA","1123939","2009-08-17 04:00","2009","08","17","04:00"
"-119.38","49.96","KELOWNA","1123939","2009-08-17 05:00","2009","08","17","05:00"
"-119.38","49.96","KELOWNA","1123939","2009-08-17 06:00","2009","08","17","06:00"
"-119.38","49.96","KELOWNA","1123939","2009-08-17 07:00","2009","08","17","07:00"
"-119.38","49.96","KELOWNA","1123939","2009-08-17 08:00","2009","08","17","08:00"
"-119.38","49.96","KELOWNA","1123939","2009-08-17 09:00","2009","08","17","09:00"
"-119.38","49.96","KELOWNA","1123939","2009-08-17 10:00","2009","08","17","10:00"
"-119.38","49.96","KELOWNA","1123939","2009-08-17 11:00","2009","08","17","11:00"
"-119.38","49.96","KELOWNA","1123939","2009-08-17 12:00","2009","08","17","12:00"
"-119.38","49.96","KELOWNA","1123939","2009-08-17 13:00","2009","08","17","13:00"
"-119.38","49.96","KELOWNA","1123939","2009-08-17 14:00","2009","08","17","14:00"
"-119.38","49.96","KELOWNA","1123939","2009-08-17 15:00","2009","08","17","15:00"
"-119.38","49.96","KELOWNA","1123939","2009-08-17 16:00","2009","08","17","16:00"
"-119.38","49.96","KELOWNA","1123939","2009-08-17 17:00","2009","08","17","17:00"
"-119.38","49.96","KELOWNA","1123939","2009-08-17 18:00","2009","08","17","18:00"
"-119.38","49.96","KELOWNA","1123939","2009-08-17 19:00","2009","08","17","19:00"
"-119.38","49.96","KELOWNA","1123939","2009-08-17 20:00","2009","08","17","20:00"
"-119.38","49.96","KELOWNA","1123939","2009-08-17 21:00","2009","08","17","21:00"
"-119.38","49.96","KELOWNA","1123939","2009-08-17 22:00","2009","08","17","22:00"
"-119.38","49.96","KELOWNA","1123939","2009-08-17 23:00","2009","08","17","23:00"
"-119.38","49.96","KELOWNA","1123939","2009-08-18 00:00","2009","08","18","00:00"
"-119.38","49.96","KELOWNA","1123939","2009-08-18 01:00","2009","08","18","01:00"
"-119.38","49.96","KELOWNA","1123939","2009-08-18 02:00","2009","08","18","02:00"
"-119.38","49.96","KELOWNA","1123939","2009-08-18 03:00","2009","08","18","03:00"
"-119.38","49.96","KELOWNA","1123939","2009-08-18 04:00","2009","08","18","04:00"
"-119.38","49.96","KELOWNA","1123939","2009-08-18 05:00","2009","08","18","05:00"
"-119.38","49.96","KELOWNA","1123939","2009-08-18 06:00","2009","08","18","06:00"
"-119.38","49.96","KELOWNA","1123939","2009-08-18 07:00","2009","08","18","07:00"
"-119.38","49.96","KELOWNA","1123939","2009-08-18 08:00","2009","08","18","08:00"
"-119.38","49.96","KELOWNA","1123939","2009-08-18 09:00","2009","08","18","09:00"
"-119.38","49.96","KELOWNA","1123939","2009-08-18 10:00","2009","08","18","10:00"
"-119.38","49.96","KELOWNA","1123939","2009-08-18 11:00","2009","08","18","11:00"
"-119.38","49.96","KELOWNA","1123939","2009-08-18 12:00","2009","08","18","12:00"
"-119.38","49.96","KELOWNA","1123939","2009-08-18 13:00","2009","08","18","13:00"
"-119.38","49.96","KELOWNA","1123939","2009-08-18 14:00","2009","08","18","14:00"
"-119.38","49.96","KELOWNA","1123939","2009-08-18 15:00","2009","08","18","15:00"
"-119.38","49.96","KELOWNA","1123939","2009-08-18 16:00","2009","08","18","16:00"
"-119.38","49.96","KELOWNA","1123939","2009-08-18 17:00","2009","08","18","17:00"
"-119.38","49.96","KELOWNA","1123939","2009-08-18 18:00","2009","08","18","18:00"
"-119.38","49.96","KELOWNA","1123939","2009-08-18 19:00","2009","08","18","19:00"
"-119.38","49.96","KELOWNA","1123939","2009-08-18 20:00","2009","08","18","20:00"
"-119.38","49.96","KELOWNA","1123939","2009-08-18 21:00","2009","08","18","21:00"
"-119.38","49.96","KELOWNA","1123939","2009-08-18 22:00","2009","08","18","22:00"
"-119.38","49.96","KELOWNA","1123939","2009-08-18 23:00","2009","08","18","23:00"
"-119.38","49.96","KELOWNA","1123939","2009-08-19 00:00","2009","08","19","00:00"
"-119.38","49.96","KELOWNA","1123939","2009-08-19 01:00","2009","08","19","01:00"
"-119.38","49.96","KELOWNA","1123939","2009-08-19 02:00","2009","08","19","02:00"
"-119.38","49.96","KELOWNA","1123939","2009-08-19 03:00","2009","08","19","03:00"
"-119.38","49.96","KELOWNA","1123939","2009-08-19 04:00","2009","08","19","04:00"
"-119.38","49.96","KELOWNA","1123939","2009-08-19 05:00","2009","08","19","05:00"
"-119.38","49.96","KELOWNA","1123939","2009-08-19 06:00","2009","08","19","06:00"
"-119.38","49.96","KELOWNA","1123939","2009-08-19 07:00","2009","08","19","07:00"
"-119.38","49.96","KELOWNA","1123939","2009-08-19 08:00","2009","08","19","08:00"
"-119.38","49.96","KELOWNA","1123939","2009-08-19 09:00","2009","08","19","09:00"
"-119.38","49.96","KELOWNA","1123939","2009-08-19 10:00","2009","08","19","10:00"
"-119.38","49.96","KELOWNA","1123939","2009-08-19 11:00","2009","08","19","11:00"
"-119.38","49.96","KELOWNA","1123939","2009-08-19 12:00","2009","08","19","12:00"
"-119.38","49.96","KELOWNA","1123939","2009-08-19 13:00","2009","08","19","13:00"
"-119.38","49.96","KELOWNA","1123939","2009-08-19 14:00","2009","08","19","14:00"
"-119.38","49.96","KELOWNA","1123939","2009-08-19 15:00","2009","08","19","15:00"
"-119.38","49.96","KELOWNA","1123939","2009-08-19 16:00","2009","08","19","16:00"
"-119.38","49.96","KELOWNA","1123939","2009-08-19 17:00","2009","08","19","17:00"
"-119.38","49.96","KELOWNA","1123939","2009-08-19 18:00","2009","08","19","18:00"
"-119.38","49.96","KELOWNA","1123939","2009-08-19 19:00","2009","08","19","19:00"
"-119.38","49.96","KELOWNA","1123939","2009-08-19 20:00","2009","08","19","20:00"
"-119.38","49.96","KELOWNA","1123939","2009-08-19 21:00","2009","08","19","21:00"
"-119.38","49.96","KELOWNA","1123939","2009-08-19 22:00","2009","08","19","22:00"
"-119.38","49.96","KELOWNA","1123939","2009-08-19 23:00","2009","08","19","23:00"
"-119.38","49.96","KELOWNA","1123939","2009-08-20 00:00","2009","08","20","00:00"
"-119.38","49.96","KELOWNA","1123939","2009-08-20 01:00","2009","08","20","01:00"
"-119.38","49.96","KELOWNA","1123939","2009-08-20 02:00","2009","08","20","02:00"
"-119.38","49.96","KELOWNA","1123939","2009-08-20 03:00","2009","08","20","03:00"
"-119.38","49.96","KELOWNA","1123939","2009-08-20 04:00","2009","08","20","04:00"
"-119.38","49.96","KELOWNA","1123939","2009-08-20 05:00","2009","08","20","05:00"
"-119.38","49.96","KELOWNA","1123939","2009-08-20 06:00","2009","08","20","06:00"
"-119.38","49.96","KELOWNA","1123939","2009-08-20 07:00","2009","08","20","07:00"
"-119.38","49.96","KELOWNA","1123939","2009-08-20 08:00","2009","08","20","08:00"
"-119.38","49.96","KELOWNA","1123939","2009-08-20 09:00","2009","08","20","09:00"
"-119.38","49.96","KELOWNA","1123939","2009-08-20 10:00","2009","08","20","10:00"
"-119.38","49.96","KELOWNA","1123939","2009-08-20 11:00","2009","08","20","11:00"
"-119.38","49.96","KELOWNA","1123939","2009-08-20 12:00","2009","08","20","12:00"
"-119.38","49.96","KELOWNA","1123939","2009-08-20 13:00","2009","08","20","13:00"
"-119.38","49.96","KELOWNA","1123939","2009-08-20 14:00","2009","08","20","14:00"
"-119.38","49.96","KELOWNA","1123939","2009-08-20 15:00","2009","08","20","15:00"
"-119.38","49.96","KELOWNA","1123939","2009-08-20 16:00","2009","08","20","16:00"
"-119.38","49.96","KELOWNA","1123939","2009-08-20 17:00","2009","08","20","17:00"
"-119.38","49.96","KELOWNA","1123939","2009-08-20 18:00","2009","08","20","18:00"
"-119.38","49.96","KELOWNA","1123939","2009-08-20 19:00","2009","08","20","19:00"
"-119.38","49.96","KELOWNA","1123939","2009-08-20 20:00","2009","08","20","20:00"
"-119.38","49.96","KELOWNA","1123939","2009-08-20 21:00","2009","08","20","21:00"
"-119.38","49.96","KELOWNA","1123939","2009-08-20 22:00","2009","08","20","22:00"
"-119.38","49.96","KELOWNA","1123939","2009-08-20 23:00","2009","08","20","23:00"
"-119.38","49.96","KELOWNA","1123939","2009-08-21 00:00","2009","08","21","00:00"
"-119.38","49.96","KELOWNA","1123939","2009-08-21 01:00","2009","08","21","01:00"
"-119.38","49.96","KELOWNA","1123939","2009-08-21 02:00","2009","08","21","02:00"
"-119.38","49.96","KELOWNA","1123939","2009-08-21 03:00","2009","08","21","03:00"
"-119.38","49.96","KELOWNA","1123939","2009-08-21 04:00","2009","08","21","04:00"
"-119.38","49.96","KELOWNA","1123939","2009-08-21 05:00","2009","08","21","05:00"
"-119.38","49.96","KELOWNA","1123939","2009-08-21 06:00","2009","08","21","06:00"
"-119.38","49.96","KELOWNA","1123939","2009-08-21 07:00","2009","08","21","07:00"
"-119.38","49.96","KELOWNA","1123939","2009-08-21 08:00","2009","08","21","08:00"
"-119.38","49.96","KELOWNA","1123939","2009-08-21 09:00","2009","08","21","09:00"
"-119.38","49.96","KELOWNA","1123939","2009-08-21 10:00","2009","08","21","10:00"
"-119.38","49.96","KELOWNA","1123939","2009-08-21 11:00","2009","08","21","11:00"
"-119.38","49.96","KELOWNA","1123939","2009-08-21 12:00","2009","08","21","12:00"
"-119.38","49.96","KELOWNA","1123939","2009-08-21 13:00","2009","08","21","13:00"
"-119.38","49.96","KELOWNA","1123939","2009-08-21 14:00","2009","08","21","14:00"
"-119.38","49.96","KELOWNA","1123939","2009-08-21 15:00","2009","08","21","15:00"
"-119.38","49.96","KELOWNA","1123939","2009-08-21 16:00","2009","08","21","16:00"
"-119.38","49.96","KELOWNA","1123939","2009-08-21 17:00","2009","08","21","17:00"
"-119.38","49.96","KELOWNA","1123939","2009-08-21 18:00","2009","08","21","18:00"
"-119.38","49.96","KELOWNA","1123939","2009-08-21 19:00","2009","08","21","19:00"
"-119.38","49.96","KELOWNA","1123939","2009-08-21 20:00","2009","08","21","20:00"
"-119.38","49.96","KELOWNA","1123939","2009-08-21 21:00","2009","08","21","21:00"
"-119.38","49.96","KELOWNA","1123939","2009-08-21 22:00","2009","08","21","22:00"
"-119.38","49.96","KELOWNA","1123939","2009-08-21 23:00","2009","08","21","23:00"
"-119.38","49.96","KELOWNA","1123939","2009-08-22 00:00","2009","08","22","00:00"
"-119.38","49.96","KELOWNA","1123939","2009-08-22 01:00","2009","08","22","01:00"
"-119.38","49.96","KELOWNA","1123939","2009-08-22 02:00","2009","08","22","02:00"
"-119.38","49.96","KELOWNA","1123939","2009-08-22 03:00","2009","08","22","03:00"
"-119.38","49.96","KELOWNA","1123939","2009-08-22 04:00","2009","08","22","04:00"
"-119.38","49.96","KELOWNA","1123939","2009-08-22 05:00","2009","08","22","05:00"
"-119.38","49.96","KELOWNA","1123939","2009-08-22 06:00","2009","08","22","06:00"
"-119.38","49.96","KELOWNA","1123939","2009-08-22 07:00","2009","08","22","07:00"
"-119.38","49.96","KELOWNA","1123939","2009-08-22 08:00","2009","08","22","08:00"
"-119.38","49.96","KELOWNA","1123939","2009-08-22 09:00","2009","08","22","09:00"
"-119.38","49.96","KELOWNA","1123939","2009-08-22 10:00","2009","08","22","10:00"
"-119.38","49.96","KELOWNA","1123939","2009-08-22 11:00","2009","08","22","11:00"
"-119.38","49.96","KELOWNA","1123939","2009-08-22 12:00","2009","08","22","12:00"
"-119.38","49.96","KELOWNA","1123939","2009-08-22 13:00","2009","08","22","13:00"
"-119.38","49.96","KELOWNA","1123939","2009-08-22 14:00","2009","08","22","14:00"
"-119.38","49.96","KELOWNA","1123939","2009-08-22 15:00","2009","08","22","15:00"
"-119.38","49.96","KELOWNA","1123939","2009-08-22 16:00","2009","08","22","16:00"
"-119.38","49.96","KELOWNA","1123939","2009-08-22 17:00","2009","08","22","17:00"
"-119.38","49.96","KELOWNA","1123939","2009-08-22 18:00","2009","08","22","18:00"
"-119.38","49.96","KELOWNA","1123939","2009-08-22 19:00","2009","08","22","19:00"
"-119.38","49.96","KELOWNA","1123939","2009-08-22 20:00","2009","08","22","20:00"
"-119.38","49.96","KELOWNA","1123939","2009-08-22 21:00","2009","08","22","21:00"
"-119.38","49.96","KELOWNA","1123939","2009-08-22 22:00","2009","08","22","22:00"
"-119.38","49.96","KELOWNA","1123939","2009-08-22 23:00","2009","08","22","23:00"
"-119.38","49.96","KELOWNA","1123939","2009-08-23 00:00","2009","08","23","00:00"
"-119.38","49.96","KELOWNA","1123939","2009-08-23 01:00","2009","08","23","01:00"
"-119.38","49.96","KELOWNA","1123939","2009-08-23 02:00","2009","08","23","02:00"
"-119.38","49.96","KELOWNA","1123939","2009-08-23 03:00","2009","08","23","03:00"
"-119.38","49.96","KELOWNA","1123939","2009-08-23 04:00","2009","08","23","04:00"
"-119.38","49.96","KELOWNA","1123939","2009-08-23 05:00","2009","08","23","05:00"
"-119.38","49.96","KELOWNA","1123939","2009-08-23 06:00","2009","08","23","06:00"
"-119.38","49.96","KELOWNA","1123939","2009-08-23 07:00","2009","08","23","07:00"
"-119.38","49.96","KELOWNA","1123939","2009-08-23 08:00","2009","08","23","08:00"
"-119.38","49.96","KELOWNA","1123939","2009-08-23 09:00","2009","08","23","09:00"
"-119.38","49.96","KELOWNA","1123939","2009-08-23 10:00","2009","08","23","10:00"
"-119.38","49.96","KELOWNA","1123939","2009-08-23 11:00","2009","08","23","11:00"
"-119.38","49.96","KELOWNA","1123939","2009-08-23 12:00","2009","08","23","12:00"
"-119.38","49.96","KELOWNA","1123939","2009-08-23 13:00","2009","08","23","13:00"
"-119.38","49.96","KELOWNA","1123939","2009-08-23 14:00","2009","08","23","14:00"
"-119.38","49.96","KELOWNA","1123939","2009-08-23 15:00","2009","08","23","15:00"
"-119.38","49.96","KELOWNA","1123939","2009-08-23 16:00","2009","08","23","16:00"
"-119.38","49.96","KELOWNA","1123939","2009-08-23 17:00","2009","08","23","17:00"
"-119.38","49.96","KELOWNA","1123939","2009-08-23 18:00","2009","08","23","18:00"
"-119.38","49.96","KELOWNA","1123939","2009-08-23 19:00","2009","08","23","19:00"
"-119.38","49.96","KELOWNA","1123939","2009-08-23 20:00","2009","08","23","20:00"
"-119.38","49.96","KELOWNA","1123939","2009-08-23 21:00","2009","08","23","21:00"
"-119.38","49.96","KELOWNA","1123939","2009-08-23 22:00","2009","08","23","22:00"
"-119.38","49.96","KELOWNA","1123939","2009-08-23 23:00","2009","08","23","23:00"
"-119.38","49.96","KELOWNA","1123939","2009-08-24 00:00","2009","08","24","00:00"
"-119.38","49.96","KELOWNA","1123939","2009-08-24 01:00","2009","08","24","01:00"
"-119.38","49.96","KELOWNA","1123939","2009-08-24 02:00","2009","08","24","02:00"
"-119.38","49.96","KELOWNA","1123939","2009-08-24 03:00","2009","08","24","03:00"
"-119.38","49.96","KELOWNA","1123939","2009-08-24 04:00","2009","08","24","04:00"
"-119.38","49.96","KELOWNA","1123939","2009-08-24 05:00","2009","08","24","05:00"
"-119.38","49.96","KELOWNA","1123939","2009-08-24 06:00","2009","08","24","06:00"
"-119.38","49.96","KELOWNA","1123939","2009-08-24 07:00","2009","08","24","07:00"
"-119.38","49.96","KELOWNA","1123939","2009-08-24 08:00","2009","08","24","08:00"
"-119.38","49.96","KELOWNA","1123939","2009-08-24 09:00","2009","08","24","09:00"
"-119.38","49.96","KELOWNA","1123939","2009-08-24 10:00","2009","08","24","10:00"
"-119.38","49.96","KELOWNA","1123939","2009-08-24 11:00","2009","08","24","11:00"
"-119.38","49.96","KELOWNA","1123939","2009-08-24 12:00","2009","08","24","12:00"
"-119.38","49.96","KELOWNA","1123939","2009-08-24 13:00","2009","08","24","13:00"
"-119.38","49.96","KELOWNA","1123939","2009-08-24 14:00","2009","08","24","14:00"
"-119.38","49.96","KELOWNA","1123939","2009-08-24 15:00","2009","08","24","15:00"
"-119.38","49.96","KELOWNA","1123939","2009-08-24 16:00","2009","08","24","16:00"
"-119.38","49.96","KELOWNA","1123939","2009-08-24 17:00","2009","08","24","17:00"
"-119.38","49.96","KELOWNA","1123939","2009-08-24 18:00","2009","08","24","18:00"
"-119.38","49.96","KELOWNA","1123939","2009-08-24 19:00","2009","08","24","19:00"
"-119.38","49.96","KELOWNA","1123939","2009-08-24 20:00","2009","08","24","20:00"
"-119.38","49.96","KELOWNA","1123939","2009-08-24 21:00","2009","08","24","21:00"
"-119.38","49.96","KELOWNA","1123939","2009-08-24 22:00","2009","08","24","22:00"
"-119.38","49.96","KELOWNA","1123939","2009-08-24 23:00","2009","08","24","23:00"
"-119.38","49.96","KELOWNA","1123939","2009-08-25 00:00","2009","08","25","00:00"
"-119.38","49.96","KELOWNA","1123939","2009-08-25 01:00","2009","08","25","01:00"
"-119.38","49.96","KELOWNA","1123939","2009-08-25 02:00","2009","08","25","02:00"
"-119.38","49.96","KELOWNA","1123939","2009-08-25 03:00","2009","08","25","03:00"
"-119.38","49.96","KELOWNA","1123939","2009-08-25 04:00","2009","08","25","04:00"
"-119.38","49.96","KELOWNA","1123939","2009-08-25 05:00","2009","08","25","05:00"
"-119.38","49.96","KELOWNA","1123939","2009-08-25 06:00","2009","08","25","06:00"
"-119.38","49.96","KELOWNA","1123939","2009-08-25 07:00","2009","08","25","07:00"
"-119.38","49.96","KELOWNA","1123939","2009-08-25 08:00","2009","08","25","08:00"
"-119.38","49.96","KELOWNA","1123939","2009-08-25 09:00","2009","08","25","09:00"
"-119.38","49.96","KELOWNA","1123939","2009-08-25 10:00","2009","08","25","10:00"
"-119.38","49.96","KELOWNA","1123939","2009-08-25 11:00","2009","08","25","11:00"
"-119.38","49.96","KELOWNA","1123939","2009-08-25 12:00","2009","08","25","12:00"
"-119.38","49.96","KELOWNA","1123939","2009-08-25 13:00","2009","08","25","13:00"
"-119.38","49.96","KELOWNA","1123939","2009-08-25 14:00","2009","08","25","14:00"
"-119.38","49.96","KELOWNA","1123939","2009-08-25 15:00","2009","08","25","15:00"
"-119.38","49.96","KELOWNA","1123939","2009-08-25 16:00","2009","08","25","16:00"
"-119.38","49.96","KELOWNA","1123939","2009-08-25 17:00","2009","08","25","17:00"
"-119.38","49.96","KELOWNA","1123939","2009-08-25 18:00","2009","08","25","18:00"
"-119.38","49.96","KELOWNA","1123939","2009-08-25 19:00","2009","08","25","19:00"
"-119.38","49.96","KELOWNA","1123939","2009-08-25 20:00","2009","08","25","20:00"
"-119.38","49.96","KELOWNA","1123939","2009-08-25 21:00","2009","08","25","21:00"
"-119.38","49.96","KELOWNA","1123939","2009-08-25 22:00","2009","08","25","22:00"
"-119.38","49.96","KELOWNA","1123939","2009-08-25 23:00","2009","08","25","23:00"
"-119.38","49.96","KELOWNA","1123939","2009-08-26 00:00","2009","08","26","00:00"
"-119.38","49.96","KELOWNA","1123939","2009-08-26 01:00","2009","08","26","01:00"
"-119.38","49.96","KELOWNA","1123939","2009-08-26 02:00","2009","08","26","02:00"
"-119.38","49.96","KELOWNA","1123939","2009-08-26 03:00","2009","08","26","03:00"
"-119.38","49.96","KELOWNA","1123939","2009-08-26 04:00","2009","08","26","04:00"
"-119.38","49.96","KELOWNA","1123939","2009-08-26 05:00","2009","08","26","05:00"
"-119.38","49.96","KELOWNA","1123939","2009-08-26 06:00","2009","08","26","06:00"
"-119.38","49.96","KELOWNA","1123939","2009-08-26 07:00","2009","08","26","07:00"
"-119.38","49.96","KELOWNA","1123939","2009-08-26 08:00","2009","08","26","08:00"
"-119.38","49.96","KELOWNA","1123939","2009-08-26 09:00","2009","08","26","09:00"
"-119.38","49.96","KELOWNA","1123939","2009-08-26 10:00","2009","08","26","10:00"
"-119.38","49.96","KELOWNA","1123939","2009-08-26 11:00","2009","08","26","11:00"
"-119.38","49.96","KELOWNA","1123939","2009-08-26 12:00","2009","08","26","12:00"
"-119.38","49.96","KELOWNA","1123939","2009-08-26 13:00","2009","08","26","13:00"
"-119.38","49.96","KELOWNA","1123939","2009-08-26 14:00","2009","08","26","14:00"
"-119.38","49.96","KELOWNA","1123939","2009-08-26 15:00","2009","08","26","15:00"
"-119.38","49.96","KELOWNA","1123939","2009-08-26 16:00","2009","08","26","16:00"
"-119.38","49.96","KELOWNA","1123939","2009-08-26 17:00","2009","08","26","17:00"
"-119.38","49.96","KELOWNA","1123939","2009-08-26 18:00","2009","08","26","18:00"
"-119.38","49.96","KELOWNA","1123939","2009-08-26 19:00","2009","08","26","19:00"
"-119.38","49.96","KELOWNA","1123939","2009-08-26 20:00","2009","08","26","20:00"
"-119.38","49.96","KELOWNA","1123939","2009-08-26 21:00","2009","08","26","21:00"
"-119.38","49.96","KELOWNA","1123939","2009-08-26 22:00","2009","08","26","22:00"
"-119.38","49.96","KELOWNA","1123939","2009-08-26 23:00","2009","08","26","23:00"
"-119.38","49.96","KELOWNA","1123939","2009-08-27 00:00","2009","08","27","00:00"
"-119.38","49.96","KELOWNA","1123939","2009-08-27 01:00","2009","08","27","01:00"
"-119.38","49.96","KELOWNA","1123939","2009-08-27 02:00","2009","08","27","02:00"
"-119.38","49.96","KELOWNA","1123939","2009-08-27 03:00","2009","08","27","03:00"
"-119.38","49.96","KELOWNA","1123939","2009-08-27 04:00","2009","08","27","04:00"
"-119.38","49.96","KELOWNA","1123939","2009-08-27 05:00","2009","08","27","05:00"
"-119.38","49.96","KELOWNA","1123939","2009-08-27 06:00","2009","08","27","06:00"
"-119.38","49.96","KELOWNA","1123939","2009-08-27 07:00","2009","08","27","07:00"
"-119.38","49.96","KELOWNA","1123939","2009-08-27 08:00","2009","08","27","08:00"
"-119.38","49.96","KELOWNA","1123939","2009-08-27 09:00","2009","08","27","09:00"
"-119.38","49.96","KELOWNA","1123939","2009-08-27 10:00","2009","08","27","10:00"
"-119.38","49.96","KELOWNA","1123939","2009-08-27 11:00","2009","08","27","11:00","23.0","","2.7","","26","","","","21","","5","","14.5","","97.29","","","","","","NA"
"-119.38","49.96","KELOWNA","1123939","2009-08-27 12:00","2009","08","27","12:00","24.0","","1.8","","23","","","","","M","4","","8.0","","97.23","","","","","","NA"
"-119.38","49.96","KELOWNA","1123939","2009-08-27 13:00","2009","08","27","13:00","26.0","","1.6","","20","","","","","M","4","","11.3","","97.16","","","","","","NA"
"-119.38","49.96","KELOWNA","1123939","2009-08-27 14:00","2009","08","27","14:00","27.0","","3.1","","21","","","","","M","8","","12.9","","97.11","","26","","","","NA"
"-119.38","49.96","KELOWNA","1123939","2009-08-27 15:00","2009","08","27","15:00","29.0","","1.0","","16","","","","","","0","","14.5","","97.05","","27","","","","NA"
"-119.38","49.96","KELOWNA","1123939","2009-08-27 16:00","2009","08","27","16:00","29.0","","3.4","","19","","","","15","","5","","16.1","","96.98","","28","","","","NA"
"-119.38","49.96","KELOWNA","1123939","2009-08-27 17:00","2009","08","27","17:00","28.0","","7.0","","26","","","","36","","13","","16.1","","96.93","","28","","","","NA"
"-119.38","49.96","KELOWNA","1123939","2009-08-27 18:00","2009","08","27","18:00","25.0","","7.8","","33","","","","35","","8","","16.1","","96.92","","25","","","","NA"
"-119.38","49.96","KELOWNA","1123939","2009-08-27 19:00","2009","08","27","19:00","18.0","","10.0","","59","","","","1","","8","","16.1","","96.92","","","","","","NA"
"-119.38","49.96","KELOWNA","1123939","2009-08-27 20:00","2009","08","27","20:00","17.0","","8.3","","56","","","","","","0","","16.1","","96.94","","","","","","NA"
"-119.38","49.96","KELOWNA","1123939","2009-08-27 21:00","2009","08","27","21:00","15.0","","8.1","","63","","","","5","","5","","12.9","","96.98","","","","","","NA"
"-119.38","49.96","KELOWNA","1123939","2009-08-27 22:00","2009","08","27","22:00","13.0","","6.2","","63","","","","3","","5","","14.5","","97.02","","","","","","NA"
"-119.38","49.96","KELOWNA","1123939","2009-08-27 23:00","2009","08","27","23:00","12.0","","6.5","","69","","","","3","","4","","14.5","","97.08","","","","","","NA"
"-119.38","49.96","KELOWNA","1123939","2009-08-28 00:00","2009","08","28","00:00","13.0","","5.7","","61","","","","2","","5","","14.5","","97.10","","","","","","NA"
"-119.38","49.96","KELOWNA","1123939","2009-08-28 01:00","2009","08","28","01:00","12.0","","5.0","","62","","","","36","","5","","14.5","","97.12","","","","","","NA"
"-119.38","49.96","KELOWNA","1123939","2009-08-28 02:00","2009","08","28","02:00","9.0","","4.6","","74","","","","","M","4","","14.5","","97.14","","","","","","NA"
"-119.38","49.96","KELOWNA","1123939","2009-08-28 03:00","2009","08","28","03:00","11.0","","4.3","","63","","","","3","","4","","14.5","","97.14","","","","","","NA"
"-119.38","49.96","KELOWNA","1123939","2009-08-28 04:00","2009","08","28","04:00","10.0","","3.8","","65","","","","6","","8","","14.5","","97.14","","","","","","NA"
"-119.38","49.96","KELOWNA","1123939","2009-08-28 05:00","2009","08","28","05:00","8.0","","5.1","","82","","","","","M","4","","14.5","","97.15","","","","","","NA"
"-119.38","49.96","KELOWNA","1123939","2009-08-28 06:00","2009","08","28","06:00","8.0","","4.4","","78","","","","1","","5","","14.5","","97.14","","","","","","NA"
"-119.38","49.96","KELOWNA","1123939","2009-08-28 07:00","2009","08","28","07:00","15.0","","6.1","","55","","","","7","","4","","14.5","","97.15","","","","","","NA"
"-119.38","49.96","KELOWNA","1123939","2009-08-28 08:00","2009","08","28","08:00","19.0","","6.3","","43","","","","","M","4","","14.5","","97.12","","","","","","NA"
"-119.38","49.96","KELOWNA","1123939","2009-08-28 09:00","2009","08","28","09:00","21.0","","4.3","","33","","","","1","","5","","14.5","","97.05","","","","","","NA"
"-119.38","49.96","KELOWNA","1123939","2009-08-28 10:00","2009","08","28","10:00","24.0","","4.6","","28","","","","36","","11","","14.5","","96.96","","","","","","NA"
"-119.38","49.96","KELOWNA","1123939","2009-08-28 11:00","2009","08","28","11:00","25.0","","3.3","","24","","","","34","","13","","14.5","","96.84","","","","","","NA"
"-119.38","49.96","KELOWNA","1123939","2009-08-28 12:00","2009","08","28","12:00","27.0","","4.4","","23","","","","34","","15","","14.5","","96.70","","26","","","","NA"
"-119.38","49.96","KELOWNA","1123939","2009-08-28 13:00","2009","08","28","13:00","29.0","","4.1","","20","","","","33","","8","","16.1","","96.58","","28","","","","NA"
"-119.38","49.96","KELOWNA","1123939","2009-08-28 14:00","2009","08","28","14:00","31.0","","5.0","","19","","","","33","","9","","16.1","","96.45","","30","","","","NA"
"-119.38","49.96","KELOWNA","1123939","2009-08-28 15:00","2009","08","28","15:00","30.0","","6.9","","23","","","","19","","15","","14.5","","96.35","","30","","","","NA"
"-119.38","49.96","KELOWNA","1123939","2009-08-28 16:00","2009","08","28","16:00","31.0","","8.4","","24","","","","17","","8","","14.5","","96.28","","32","","","","NA"
"-119.38","49.96","KELOWNA","1123939","2009-08-28 17:00","2009","08","28","17:00","29.0","","9.0","","28","","","","13","","8","","16.1","","96.21","","30","","","","NA"
"-119.38","49.96","KELOWNA","1123939","2009-08-28 18:00","2009","08","28","18:00","28.0","","10.9","","34","","","","","","0","","14.5","","96.11","","30","","","","NA"
"-119.38","49.96","KELOWNA","1123939","2009-08-28 19:00","2009","08","28","19:00","23.0","","12.2","","50","","","","18","","5","","16.1","","96.13","","25","","","","NA"
"-119.38","49.96","KELOWNA","1123939","2009-08-28 20:00","2009","08","28","20:00","22.0","","13.2","","57","","","","22","","9","","16.1","","96.18","","25","","","","NA"
"-119.38","49.96","KELOWNA","1123939","2009-08-28 21:00","2009","08","28","21:00","23.0","","9.9","","43","","","","7","","9","","16.1","","96.18","","","","","","NA"
"-119.38","49.96","KELOWNA","1123939","2009-08-28 22:00","2009","08","28","22:00","20.0","","9.7","","51","","","","","","0","","16.1","","96.21","","","","","","NA"
"-119.38","49.96","KELOWNA","1123939","2009-08-28 23:00","2009","08","28","23:00","20.0","","11.3","","57","","","","","M","4","","9.7","","96.30","","","","","","NA"
"-119.38","49.96","KELOWNA","1123939","2009-08-29 00:00","2009","08","29","00:00","25.0","","4.9","","27","","","","16","","18","","16.1","","96.37","","","","","","NA"
"-119.38","49.96","KELOWNA","1123939","2009-08-29 01:00","2009","08","29","01:00","21.0","","8.4","","44","","","","18","","9","","11.3","","96.41","","","","","","NA"
"-119.38","49.96","KELOWNA","1123939","2009-08-29 02:00","2009","08","29","02:00","23.0","","5.6","","32","","","","16","","15","","14.5","","96.46","","","","","","NA"
"-119.38","49.96","KELOWNA","1123939","2009-08-29 03:00","2009","08","29","03:00","24.0","","5.6","","30","","","","14","","21","","14.5","","96.46","","","","","","NA"
"-119.38","49.96","KELOWNA","1123939","2009-08-29 04:00","2009","08","29","04:00","22.0","","7.2","","38","","","","21","","9","","11.3","","96.51","","","","","","NA"
"-119.38","49.96","KELOWNA","1123939","2009-08-29 05:00","2009","08","29","05:00","21.0","","7.0","","40","","","","13","","8","","16.1","","96.52","","","","","","NA"
"-119.38","49.96","KELOWNA","1123939","2009-08-29 06:00","2009","08","29","06:00","22.0","","7.6","","39","","","","21","","11","","16.1","","96.62","","","","","","NA"
"-119.38","49.96","KELOWNA","1123939","2009-08-29 07:00","2009","08","29","07:00","23.0","","7.3","","36","","","","15","","17","","16.1","","96.69","","","","","","NA"
"-119.38","49.96","KELOWNA","1123939","2009-08-29 08:00","2009","08","29","08:00","25.0","","9.1","","36","","","","16","","17","","16.1","","96.74","","26","","","","NA"
"-119.38","49.96","KELOWNA","1123939","2009-08-29 09:00","2009","08","29","09:00","26.0","","10.0","","36","","","","15","","11","","16.1","","96.77","","27","","","","NA"
"-119.38","49.96","KELOWNA","1123939","2009-08-29 10:00","2009","08","29","10:00","26.0","","10.0","","36","","","","17","","9","","16.1","","96.68","","27","","","","NA"
"-119.38","49.96","KELOWNA","1123939","2009-08-29 11:00","2009","08","29","11:00","27.0","","10.1","","34","","","","18","","9","","11.3","","96.64","","28","","","","NA"
"-119.38","49.96","KELOWNA","1123939","2009-08-29 12:00","2009","08","29","12:00","29.0","","8.4","","27","","","","23","","5","","4.8","","96.58","","30","","","","NA"
"-119.38","49.96","KELOWNA","1123939","2009-08-29 13:00","2009","08","29","13:00","30.0","","9.3","","27","","","","22","","11","","14.5","","96.54","","31","","","","NA"
"-119.38","49.96","KELOWNA","1123939","2009-08-29 14:00","2009","08","29","14:00","30.0","","8.7","","26","","","","18","","15","","14.5","","96.48","","31","","","","NA"
"-119.38","49.96","KELOWNA","1123939","2009-08-29 15:00","2009","08","29","15:00","30.0","","8.2","","25","","","","17","","17","","16.1","","96.46","","30","","","","NA"
"-119.38","49.96","KELOWNA","1123939","2009-08-29 16:00","2009","08","29","16:00","30.0","","9.3","","27","","","","17","","17","","16.1","","96.41","","31","","","","NA"
"-119.38","49.96","KELOWNA","1123939","2009-08-29 17:00","2009","08","29","17:00","29.0","","10.0","","30","","","","17","","9","","16.1","","96.41","","30","","","","NA"
"-119.38","49.96","KELOWNA","1123939","2009-08-29 18:00","2009","08","29","18:00","26.0","","10.0","","36","","","","14","","13","","16.1","","96.37","","27","","","","NA"
"-119.38","49.96","KELOWNA","1123939","2009-08-29 19:00","2009","08","29","19:00","23.0","","11.3","","47","","","","","M","4","","16.1","","96.40","","25","","","","NA"
"-119.38","49.96","KELOWNA","1123939","2009-08-29 20:00","2009","08","29","20:00","20.0","","10.3","","53","","","","","","0","","16.1","","96.43","","","","","","NA"
"-119.38","49.96","KELOWNA","1123939","2009-08-29 21:00","2009","08","29","21:00","19.0","","9.6","","54","","","","","M","4","","16.1","","96.45","","","","","","NA"
"-119.38","49.96","KELOWNA","1123939","2009-08-29 22:00","2009","08","29","22:00","16.0","","10.2","","68","","","","6","","5","","14.5","","96.46","","","","","","NA"
"-119.38","49.96","KELOWNA","1123939","2009-08-29 23:00","2009","08","29","23:00","15.0","","10.1","","72","","","","","","0","","14.5","","96.46","","","","","","NA"
"-119.38","49.96","KELOWNA","1123939","2009-08-30 00:00","2009","08","30","00:00","15.0","","10.7","","75","","","","","M","4","","14.5","","96.46","","","","","","NA"
"-119.38","49.96","KELOWNA","1123939","2009-08-30 01:00","2009","08","30","01:00","14.0","","9.3","","73","","","","1","","8","","14.5","","96.45","","","","","","NA"
"-119.38","49.96","KELOWNA","1123939","2009-08-30 02:00","2009","08","30","02:00","14.0","","9.1","","72","","","","","","0","","14.5","","96.48","","","","","","NA"
"-119.38","49.96","KELOWNA","1123939","2009-08-30 03:00","2009","08","30","03:00","12.0","","9.1","","82","","","","6","","5","","14.5","","96.50","","","","","","NA"
"-119.38","49.96","KELOWNA","1123939","2009-08-30 04:00","2009","08","30","04:00","12.0","","8.7","","80","","","","3","","4","","14.5","","96.49","","","","","","NA"
"-119.38","49.96","KELOWNA","1123939","2009-08-30 05:00","2009","08","30","05:00","13.0","","8.7","","75","","","","4","","5","","14.5","","96.49","","","","","","NA"
"-119.38","49.96","KELOWNA","1123939","2009-08-30 06:00","2009","08","30","06:00","12.0","","8.7","","80","","","","2","","4","","14.5","","96.49","","","","","","NA"
"-119.38","49.96","KELOWNA","1123939","2009-08-30 07:00","2009","08","30","07:00","16.0","","10.6","","70","","","","","M","4","","14.5","","96.49","","","","","","NA"
"-119.38","49.96","KELOWNA","1123939","2009-08-30 08:00","2009","08","30","08:00","19.0","","11.2","","60","","","","1","","5","","16.1","","96.45","","","","","","NA"
"-119.38","49.96","KELOWNA","1123939","2009-08-30 09:00","2009","08","30","09:00","21.0","","10.9","","52","","","","36","","8","","16.1","","96.41","","","","","","NA"
"-119.38","49.96","KELOWNA","1123939","2009-08-30 10:00","2009","08","30","10:00","23.0","","9.6","","42","","","","36","","5","","8.0","","96.37","","","","","","NA"
"-119.38","49.96","KELOWNA","1123939","2009-08-30 11:00","2009","08","30","11:00","25.0","","8.7","","35","","","","","M","5","","14.5","","96.28","","26","","","","NA"
"-119.38","49.96","KELOWNA","1123939","2009-08-30 12:00","2009","08","30","12:00","25.0","","8.3","","34","","","","3","","5","","4.8","","96.18","","26","","","","NA"
"-119.38","49.96","KELOWNA","1123939","2009-08-30 13:00","2009","08","30","13:00","27.0","","9.2","","32","","","","","M","8","","6.4","","96.10","","28","","","","NA"
"-119.38","49.96","KELOWNA","1123939","2009-08-30 14:00","2009","08","30","14:00","28.0","","9.1","","30","","","","","M","4","","4.0","","96.00","","29","","","","NA"
"-119.38","49.96","KELOWNA","1123939","2009-08-30 15:00","2009","08","30","15:00","29.0","","9.5","","29","","","","","M","4","","3.2","","95.89","","30","","","","NA"
"-119.38","49.96","KELOWNA","1123939","2009-08-30 16:00","2009","08","30","16:00","29.0","","8.4","","27","","","","3","","5","","2.4","","95.80","","30","","","","NA"
"-119.38","49.96","KELOWNA","1123939","2009-08-30 17:00","2009","08","30","17:00","28.0","","10.5","","33","","","","2","","5","","2.8","","95.72","","30","","","","NA"
"-119.38","49.96","KELOWNA","1123939","2009-08-30 18:00","2009","08","30","18:00","26.0","","13.4","","45","","","","","M","4","","3.2","","95.69","","29","","","","NA"
"-119.38","49.96","KELOWNA","1123939","2009-08-30 19:00","2009","08","30","19:00","21.0","","13.8","","63","","","","5","","5","","2.8","","95.71","","","","","","NA"
"-119.38","49.96","KELOWNA","1123939","2009-08-30 20:00","2009","08","30","20:00","18.0","","12.9","","72","","","","3","","4","","2.8","","95.75","","","","","","NA"
"-119.38","49.96","KELOWNA","1123939","2009-08-30 21:00","2009","08","30","21:00","18.0","","11.6","","66","","","","5","","5","","3.6","","95.79","","","","","","NA"
"-119.38","49.96","KELOWNA","1123939","2009-08-30 22:00","2009","08","30","22:00","16.0","","11.0","","72","","","","1","","5","","4.0","","95.80","","","","","","NA"
"-119.38","49.96","KELOWNA","1123939","2009-08-30 23:00","2009","08","30","23:00","16.0","","10.8","","71","","","","7","","4","","4.8","","95.82","","","","","","NA"
"-119.38","49.96","KELOWNA","1123939","2009-08-31 00:00","2009","08","31","00:00","14.0","","10.5","","79","","","","3","","4","","4.8","","95.84","","","","","","NA"
"-119.38","49.96","KELOWNA","1123939","2009-08-31 01:00","2009","08","31","01:00","14.0","","10.3","","78","","","","1","","5","","4.8","","95.81","","","","","","NA"
"-119.38","49.96","KELOWNA","1123939","2009-08-31 02:00","2009","08","31","02:00","14.0","","9.7","","75","","","","2","","4","","4.8","","95.85","","","","","","NA"
"-119.38","49.96","KELOWNA","1123939","2009-08-31 03:00","2009","08","31","03:00","12.0","","9.6","","85","","","","2","","5","","4.8","","95.85","","","","","","NA"
"-119.38","49.96","KELOWNA","1123939","2009-08-31 04:00","2009","08","31","04:00","13.0","","9.5","","79","","","","6","","5","","4.8","","95.87","","","","","","NA"
"-119.38","49.96","KELOWNA","1123939","2009-08-31 05:00","2009","08","31","05:00","13.0","","9.7","","80","","","","","M","4","","4.8","","95.88","","","","","","NA"
"-119.38","49.96","KELOWNA","1123939","2009-08-31 06:00","2009","08","31","06:00","12.0","","9.2","","83","","","","6","","5","","4.8","","95.94","","","","","","NA"
"-119.38","49.96","KELOWNA","1123939","2009-08-31 07:00","2009","08","31","07:00","16.0","","11.8","","76","","","","4","","5","","4.8","","95.98","","","","","","NA"
"-119.38","49.96","KELOWNA","1123939","2009-08-31 08:00","2009","08","31","08:00","19.0","","13.0","","68","","","","1","","8","","4.8","","95.95","","","","","","NA"
"-119.38","49.96","KELOWNA","1123939","2009-08-31 09:00","2009","08","31","09:00","22.0","","12.1","","53","","","","36","","8","","4.0","","95.92","","","","","","NA"
"-119.38","49.96","KELOWNA","1123939","2009-08-31 10:00","2009","08","31","10:00","24.0","","11.5","","45","","","","34","","8","","4.8","","95.90","","26","","","","NA"
"-119.38","49.96","KELOWNA","1123939","2009-08-31 11:00","2009","08","31","11:00","26.0","","11.2","","39","","","","","M","4","","4.8","","95.84","","28","","","","NA"
"-119.38","49.96","KELOWNA","1123939","2009-08-31 12:00","2009","08","31","12:00","27.0","","9.6","","33","","","","20","","5","","4.8","","95.77","","28","","","","NA"
"-119.38","49.96","KELOWNA","1123939","2009-08-31 13:00","2009","08","31","13:00","29.0","","10.5","","31","","","","","M","4","","6.4","","95.71","","31","","","","NA"
"-119.38","49.96","KELOWNA","1123939","2009-08-31 14:00","2009","08","31","14:00","30.0","","10.8","","30","","","","","M","8","","6.4","","95.65","","32","","","","NA"
"-119.38","49.96","KELOWNA","1123939","2009-08-31 15:00","2009","08","31","15:00","30.0","","10.3","","29","","","","20","","5","","6.4","","95.59","","31","","","","NA"
"-119.38","49.96","KELOWNA","1123939","2009-08-31 16:00","2009","08","31","16:00","30.0","","10.8","","30","","","","","","0","","8.0","","95.56","","32","","","","NA"
"-119.38","49.96","KELOWNA","1123939","2009-08-31 17:00","2009","08","31","17:00","29.0","","10.5","","31","","","","2","","8","","9.7","","95.55","","31","","","","NA"
"-119.38","49.96","KELOWNA","1123939","2009-08-31 18:00","2009","08","31","18:00","25.0","","13.7","","49","","","","20","","30","","6.4","","95.66","","28","","","","NA"
"-119.38","49.96","KELOWNA","1123939","2009-08-31 19:00","2009","08","31","19:00","23.0","","16.9","","68","","","","1","","15","","14.5","","95.72","","28","","","","NA"
"-119.38","49.96","KELOWNA","1123939","2009-08-31 20:00","2009","08","31","20:00","25.0","","14.6","","52","","","","24","","22","","14.5","","95.80","","29","","","","NA"
"-119.38","49.96","KELOWNA","1123939","2009-08-31 21:00","2009","08","31","21:00","22.0","","14.5","","62","","","","19","","15","","14.5","","95.85","","26","","","","NA"
"-119.38","49.96","KELOWNA","1123939","2009-08-31 22:00","2009","08","31","22:00","20.0","","15.7","","76","","","","","M","4","","","M","95.84","","","","","","NA"
"-119.38","49.96","KELOWNA","1123939","2009-08-31 23:00","2009","08","31","23:00","19.0","","15.3","","79","","","","","M","5","","16.1","","95.87","","","","","","NA"
